{"errors":[],"warnings":[],"namedChunkGroups":{"app":{"chunks":[13,2],"assets":["webpack-runtime-4d20ca151722cdf42073.js","webpack-runtime-4d20ca151722cdf42073.js.map","app-414cb24bf8bbdfeefc81.js","app-414cb24bf8bbdfeefc81.js.map"],"children":{},"childAssets":{}},"component---src-pages-404-js":{"chunks":[0,1,3],"assets":["0-b739f19cd3ecd0105641.js","0-b739f19cd3ecd0105641.js.map","1.49025c9af5b33cf6ebe1.css","1-ec40ef047f9b38355405.js","1-ec40ef047f9b38355405.js.map","component---src-pages-404-js-8a2c9bd6333082b71bcc.js","component---src-pages-404-js-8a2c9bd6333082b71bcc.js.map"],"children":{},"childAssets":{}},"component---src-pages-about-jsx":{"chunks":[0,1,4],"assets":["0-b739f19cd3ecd0105641.js","0-b739f19cd3ecd0105641.js.map","1.49025c9af5b33cf6ebe1.css","1-ec40ef047f9b38355405.js","1-ec40ef047f9b38355405.js.map","component---src-pages-about-jsx.0e342e64a895e79fb7d9.css","component---src-pages-about-jsx-ac48062c00f244045d94.js","component---src-pages-about-jsx-ac48062c00f244045d94.js.map"],"children":{},"childAssets":{}},"component---src-pages-accomodation-js":{"chunks":[0,1,5],"assets":["0-b739f19cd3ecd0105641.js","0-b739f19cd3ecd0105641.js.map","1.49025c9af5b33cf6ebe1.css","1-ec40ef047f9b38355405.js","1-ec40ef047f9b38355405.js.map","component---src-pages-accomodation-js.a127122d843d38df8afb.css","component---src-pages-accomodation-js-0724457250114adce063.js","component---src-pages-accomodation-js-0724457250114adce063.js.map"],"children":{},"childAssets":{}},"component---src-pages-details-js":{"chunks":[0,1,6],"assets":["0-b739f19cd3ecd0105641.js","0-b739f19cd3ecd0105641.js.map","1.49025c9af5b33cf6ebe1.css","1-ec40ef047f9b38355405.js","1-ec40ef047f9b38355405.js.map","component---src-pages-details-js.0e342e64a895e79fb7d9.css","component---src-pages-details-js-91bc56b25cfe0a2bd3ec.js","component---src-pages-details-js-91bc56b25cfe0a2bd3ec.js.map"],"children":{},"childAssets":{}},"component---src-pages-index-js":{"chunks":[0,1,7],"assets":["0-b739f19cd3ecd0105641.js","0-b739f19cd3ecd0105641.js.map","1.49025c9af5b33cf6ebe1.css","1-ec40ef047f9b38355405.js","1-ec40ef047f9b38355405.js.map","component---src-pages-index-js.0e342e64a895e79fb7d9.css","component---src-pages-index-js-85ee518ad6225146ac14.js","component---src-pages-index-js-85ee518ad6225146ac14.js.map"],"children":{},"childAssets":{}},"component---src-pages-invite-js":{"chunks":[0,1,8],"assets":["0-b739f19cd3ecd0105641.js","0-b739f19cd3ecd0105641.js.map","1.49025c9af5b33cf6ebe1.css","1-ec40ef047f9b38355405.js","1-ec40ef047f9b38355405.js.map","component---src-pages-invite-js.269db0ec82f8ff30ec45.css","component---src-pages-invite-js-553454ef5e0daa0595c0.js","component---src-pages-invite-js-553454ef5e0daa0595c0.js.map"],"children":{},"childAssets":{}},"component---src-pages-photos-js":{"chunks":[0,1,9],"assets":["0-b739f19cd3ecd0105641.js","0-b739f19cd3ecd0105641.js.map","1.49025c9af5b33cf6ebe1.css","1-ec40ef047f9b38355405.js","1-ec40ef047f9b38355405.js.map","component---src-pages-photos-js.6e3e0d5e640666b26c74.css","component---src-pages-photos-js-adb3edf7aedcaad16ab9.js","component---src-pages-photos-js-adb3edf7aedcaad16ab9.js.map"],"children":{},"childAssets":{}},"component---src-pages-rsvp-js":{"chunks":[0,1,10],"assets":["0-b739f19cd3ecd0105641.js","0-b739f19cd3ecd0105641.js.map","1.49025c9af5b33cf6ebe1.css","1-ec40ef047f9b38355405.js","1-ec40ef047f9b38355405.js.map","component---src-pages-rsvp-js.7b1377ccd007ddae1f53.css","component---src-pages-rsvp-js-598afcf16394127d337c.js","component---src-pages-rsvp-js-598afcf16394127d337c.js.map"],"children":{},"childAssets":{}},"component---src-pages-tourist-js":{"chunks":[0,1,11],"assets":["0-b739f19cd3ecd0105641.js","0-b739f19cd3ecd0105641.js.map","1.49025c9af5b33cf6ebe1.css","1-ec40ef047f9b38355405.js","1-ec40ef047f9b38355405.js.map","component---src-pages-tourist-js.f7432def7508641eddc4.css","component---src-pages-tourist-js-aa8371a109292b810300.js","component---src-pages-tourist-js-aa8371a109292b810300.js.map"],"children":{},"childAssets":{}},"pages-manifest":{"chunks":[12],"assets":["pages-manifest-886381acb36a308cc0dd.js","pages-manifest-886381acb36a308cc0dd.js.map"],"children":{},"childAssets":{}}},"assetsByChunkName":{"app":["webpack-runtime-4d20ca151722cdf42073.js","app-414cb24bf8bbdfeefc81.js"],"component---src-pages-404-js":["0-b739f19cd3ecd0105641.js","1.49025c9af5b33cf6ebe1.css","1-ec40ef047f9b38355405.js","component---src-pages-404-js-8a2c9bd6333082b71bcc.js"],"component---src-pages-about-jsx":["0-b739f19cd3ecd0105641.js","1.49025c9af5b33cf6ebe1.css","1-ec40ef047f9b38355405.js","component---src-pages-about-jsx.0e342e64a895e79fb7d9.css","component---src-pages-about-jsx-ac48062c00f244045d94.js"],"component---src-pages-accomodation-js":["0-b739f19cd3ecd0105641.js","1.49025c9af5b33cf6ebe1.css","1-ec40ef047f9b38355405.js","component---src-pages-accomodation-js.a127122d843d38df8afb.css","component---src-pages-accomodation-js-0724457250114adce063.js"],"component---src-pages-details-js":["0-b739f19cd3ecd0105641.js","1.49025c9af5b33cf6ebe1.css","1-ec40ef047f9b38355405.js","component---src-pages-details-js.0e342e64a895e79fb7d9.css","component---src-pages-details-js-91bc56b25cfe0a2bd3ec.js"],"component---src-pages-index-js":["0-b739f19cd3ecd0105641.js","1.49025c9af5b33cf6ebe1.css","1-ec40ef047f9b38355405.js","component---src-pages-index-js.0e342e64a895e79fb7d9.css","component---src-pages-index-js-85ee518ad6225146ac14.js"],"component---src-pages-invite-js":["0-b739f19cd3ecd0105641.js","1.49025c9af5b33cf6ebe1.css","1-ec40ef047f9b38355405.js","component---src-pages-invite-js.269db0ec82f8ff30ec45.css","component---src-pages-invite-js-553454ef5e0daa0595c0.js"],"component---src-pages-photos-js":["0-b739f19cd3ecd0105641.js","1.49025c9af5b33cf6ebe1.css","1-ec40ef047f9b38355405.js","component---src-pages-photos-js.6e3e0d5e640666b26c74.css","component---src-pages-photos-js-adb3edf7aedcaad16ab9.js"],"component---src-pages-rsvp-js":["0-b739f19cd3ecd0105641.js","1.49025c9af5b33cf6ebe1.css","1-ec40ef047f9b38355405.js","component---src-pages-rsvp-js.7b1377ccd007ddae1f53.css","component---src-pages-rsvp-js-598afcf16394127d337c.js"],"component---src-pages-tourist-js":["0-b739f19cd3ecd0105641.js","1.49025c9af5b33cf6ebe1.css","1-ec40ef047f9b38355405.js","component---src-pages-tourist-js.f7432def7508641eddc4.css","component---src-pages-tourist-js-aa8371a109292b810300.js"],"pages-manifest":["pages-manifest-886381acb36a308cc0dd.js"]}}